REM ************ TABLAS UNIDAD III
REM ************ TABLAS.SQL


REM ******** TABLA DEPART: ***********

DROP TABLE DEPART cascade constraints;

CREATE TABLE DEPART (
 DEPT_NO  NUMBER(2) NOT NULL,
 DNOMBRE  VARCHAR2(14),
 LOC      VARCHAR2(14) ) ;

INSERT INTO DEPART VALUES (10,'CONTABILIDAD','SEVILLA');
INSERT INTO DEPART VALUES (20,'INVESTIGACION','MADRID');
INSERT INTO DEPART VALUES (30,'VENTAS','BARCELONA');
INSERT INTO DEPART VALUES (40,'PRODUCCION','BILBAO');
COMMIT;


REM ******** TABLA EMPLE: *************

ALTER SESSION SET NLS_DATE_FORMAT='DD/MM/YYYY';

DROP TABLE EMPLE cascade constraints;

CREATE TABLE EMPLE (
 EMP_NO    NUMBER(4) NOT NULL,
 APELLIDO  VARCHAR2(10)  ,
 OFICIO    VARCHAR2(10)  ,
 DIR       NUMBER(4) ,
 FECHA_ALT DATE      ,
 SALARIO   NUMBER(7),
 COMISION  NUMBER(7),
 DEPT_NO   NUMBER(2) NOT NULL) ;

INSERT INTO EMPLE VALUES (7369,'SANCHEZ','EMPLEADO',7902,'17/12/1990',
                        1040,NULL,20);
INSERT INTO EMPLE VALUES (7499,'ARROYO','VENDEDOR',7698,'20/02/1990',
                        1500,390,30);
INSERT INTO EMPLE VALUES (7521,'SALA','VENDEDOR',7698,'22/02/1991',
                        1625,650,30);
INSERT INTO EMPLE VALUES (7566,'JIMENEZ','DIRECTOR',7839,'02/04/1991',
                        2900,NULL,20);
INSERT INTO EMPLE VALUES (7654,'MARTIN','VENDEDOR',7698,'29/09/1991',
                        1600,1020,30);
INSERT INTO EMPLE VALUES (7698,'NEGRO','DIRECTOR',7839,'01/05/1991',
                        3005,NULL,30);
INSERT INTO EMPLE VALUES (7782,'CEREZO','DIRECTOR',7839,'09/06/1991',
                        2885,NULL,10);
INSERT INTO EMPLE VALUES (7788,'GIL','ANALISTA',7566,'09/11/1991',
                        3000,NULL,20);
INSERT INTO EMPLE VALUES (7839,'REY','PRESIDENTE',NULL,'17/11/1991',
                        4100,NULL,10);
INSERT INTO EMPLE VALUES (7844,'TOVAR','VENDEDOR',7698,'08/09/1991',
                        1350,0,30);
INSERT INTO EMPLE VALUES (8876,'ALONSO ','EMPLEADO',7788,'23/09/1991',
                        1430,NULL,20);
INSERT INTO EMPLE VALUES (7900,'JIMENO','EMPLEADO',7698,'03/12/1991',
                        1335,NULL,30);
INSERT INTO EMPLE VALUES (7902,'FERNANDEZ','ANALISTA',7566,'03/12/1991',
                        3000,NULL,20);
INSERT INTO EMPLE VALUES (7934,'MUÑOZ','EMPLEADO',7782,'23/01/1992',
                        1690,NULL,10);

COMMIT;

REM ***TABLA ALUM0405***************

Drop table ALUM0405;

create table ALUM0405(
DNI	VARCHAR2(10) NOT NULL,
NOMBRE	VARCHAR2(15) NOT NULL,
APELLIDOS	VARCHAR2(20) NOT NULL,
FECHA_NAC	DATE,
DIRECCION	VARCHAR2(20),
POBLACION	VARCHAR2(20),
PROVINCIA	VARCHAR2(20),
CURSO	NUMBER(2)  NOT NULL,
NIVEL	VARCHAR2(10)  NOT NULL,
CLASE	CHAR(1)  NOT NULL,
FALTAS1	NUMBER(2),
FALTAS2	NUMBER(2),
FALTAS3	NUMBER(2)
);

INSERT INTO ALUM0405 VALUES ('34448974N', 'CONCHA', 'ESTRUCH VIDAL',TO_DATE('10/11/1985'),
'C/ MEDICO FELIX, 12','BERROCALEJO', 'CACERES',2,'DAI','A',0,0,0);

INSERT INTO ALUM0405 VALUES ('34448999N', 'DORA', 'MARTIN BREÑA',TO_DATE('10/11/1994'),
'C/ MEDICO FELIX, 10','BERROCALEJO', 'CACERES',1,'ESO','C',0,0,0);

 COMMIT;

REM ******** TABLA NOTAS_ALUMNOS: ***********

Drop table notas_alumnos cascade constraints;

create table notas_alumnos
 (
   NOMBRE_ALUMNO VARCHAR2(25) NOT NULL ,
   nota1 number(2),
   nota2 number(2),
   nota3 number(2)
 ) ;

insert into NOTAS_ALUMNOS VALUES ('Alcalde García, M. Luisa',5,5,5);
insert into NOTAS_ALUMNOS VALUES ('Benito Martín, Luis',7,6,8);
insert into NOTAS_ALUMNOS VALUES ('Casas Martínez, Manuel',7,5,5);
insert into NOTAS_ALUMNOS VALUES ('Corregidor Sánchez, Ana',6,9,8);
insert into NOTAS_ALUMNOS VALUES ('Díaz Sánchez, Maria',NULL,NULL,7);


COMMIT;

REM ******** TABLA LIBRERIA: *************

Drop table LIBRERIA cascade constraints;

create table LIBRERIA
 (TEMA CHAR(15) NOT NULL ,
  ESTANTE CHAR(1),
  EJEMPLARES NUMBER(2)
 ) ;

INSERT INTO LIBRERIA VALUES ('INFORMATICA', 'A',15);
INSERT INTO LIBRERIA VALUES ('ECONOMIA',    'A',10);
INSERT INTO LIBRERIA VALUES ('DEPORTES',    'B',8);
INSERT INTO LIBRERIA VALUES ('FILOSOFIA',   'C',7);
INSERT INTO LIBRERIA VALUES ('DIBUJO',      'C',10);
INSERT INTO LIBRERIA VALUES ('MEDICINA',    'C',16);
INSERT INTO LIBRERIA VALUES ('BIOLOGIA',    'A',11);
INSERT INTO LIBRERIA VALUES ('GEOLOGIA',    'D',7);
INSERT INTO LIBRERIA VALUES ('SOCIEDAD',    'D',9);
INSERT INTO LIBRERIA VALUES ('LABORES',     'B',20);
INSERT INTO LIBRERIA VALUES ('JARDINERIA',    'E',6);
COMMIT;



REM ******** TABLAS ALUMNOS, ASIGNATURAS, NOTAS: ***********

DROP TABLE ALUMNOS cascade constraints;

CREATE TABLE ALUMNOS
(
  DNI VARCHAR2(10) NOT NULL,
  APENOM VARCHAR2(30),
  DIREC VARCHAR2(30),
  POBLA  VARCHAR2(15),
  TELEF  VARCHAR2(10)
) ;

DROP TABLE ASIGNATURAS cascade constraints;

CREATE TABLE ASIGNATURAS
(
  COD NUMBER(2) NOT NULL,
  NOMBRE VARCHAR2(25)
) ;

DROP TABLE NOTAS cascade constraints;

CREATE TABLE NOTAS
(
  DNI VARCHAR2(10) NOT NULL,
  COD NUMBER(2) NOT NULL,
  NOTA NUMBER(2)
);

INSERT INTO ASIGNATURAS VALUES (1,'Prog. Leng. Estr.');
INSERT INTO ASIGNATURAS VALUES (2,'Sist. Informáticos');
INSERT INTO ASIGNATURAS VALUES (3,'Análisis');
INSERT INTO ASIGNATURAS VALUES (4,'FOL');
INSERT INTO ASIGNATURAS VALUES (5,'RET');
INSERT INTO ASIGNATURAS VALUES (6,'Entornos Gráficos');
INSERT INTO ASIGNATURAS VALUES (7,'Aplic. Entornos 4ªGen');
INSERT INTO ASIGNATURAS VALUES (8,'Idioma');


INSERT INTO ALUMNOS VALUES
('12344345','Alcalde García, Elena', 'C/Las Matas, 24','Madrid','917766545');

INSERT INTO ALUMNOS VALUES
('4448242','Cerrato Vela, Luis', 'C/Mina 28 - 3A', 'Madrid','916566545');

INSERT INTO ALUMNOS VALUES
('56882942','Díaz Fernández, María', 'C/Luis Vives 25', 'Móstoles','915577545');

INSERT INTO NOTAS VALUES('12344345', 1,6);
INSERT INTO NOTAS VALUES('12344345', 2,5);
INSERT INTO NOTAS VALUES('12344345', 3,6);

INSERT INTO NOTAS VALUES('4448242', 4,6);
INSERT INTO NOTAS VALUES('4448242', 5,8);
INSERT INTO NOTAS VALUES('4448242', 6,4);
INSERT INTO NOTAS VALUES('4448242', 7,5);

INSERT INTO NOTAS VALUES('56882942', 4,8);
INSERT INTO NOTAS VALUES('56882942', 5,7);
INSERT INTO NOTAS VALUES('56882942', 6,8);
INSERT INTO NOTAS VALUES('56882942', 7,9);

COMMIT;

REM ******** FIN ***********************

REM ************ TABLAS UNIDAD IV
REM ************ TABLASUNI4.SQL


REM ********** TABLA NOMBRES: ***********

DROP TABLE NOMBRES cascade constraints;
CREATE TABLE NOMBRES
(
  NOMBRE VARCHAR2(15),
  EDAD NUMBER(2)
) ;

INSERT INTO NOMBRES VALUES('PEDRO', 17);
INSERT INTO NOMBRES VALUES('JUAN', 17);
INSERT INTO NOMBRES VALUES('MARÍA', 16);
INSERT INTO NOMBRES VALUES('CLARA', 14);
INSERT INTO NOMBRES VALUES(NULL, 15);
INSERT INTO NOMBRES VALUES(NULL, 18);
INSERT INTO NOMBRES VALUES('JESÚS', NULL);

COMMIT;

REM ********** TABLA MISTEXTOS: *************

DROP TABLE MISTEXTOS cascade constraints;

CREATE TABLE MISTEXTOS (
 TITULO  VARCHAR2(32),
 AUTOR   VARCHAR2(22),
 EDITORIAL VARCHAR2(15),
 PAGINA  NUMBER(3)
 ) ;

INSERT INTO MISTEXTOS VALUES ('METOD. DE LA PROGRAMACIÓN', 'ALCALDE GARCÍA', 'MCGRAWHILL',140);
INSERT INTO MISTEXTOS VALUES ('"INFORMÁTICA BÁSICA."', 'GARCÍA GARCERÁN', 'PARANINFO',130);
INSERT INTO MISTEXTOS VALUES ('SISTEMAS OPERATIVOS', 'GARCÍA STRUCH', 'OBSBORNE',300);
INSERT INTO MISTEXTOS VALUES ('SISTEMAS DIGITALES.', 'RUÍZ LOPEZ','PRENTICE HALL',190);
INSERT INTO MISTEXTOS VALUES ('"MANUAL DE C."', 'RUÍZ LOPEZ', 'MCGRAWHILL',340);

COMMIT;


REM ********** TABLA LIBROS: *************

DROP TABLE LIBROS cascade constraints;

CREATE TABLE LIBROS (
 TITULO  VARCHAR2(32),
 AUTOR   VARCHAR2(22),
 EDITORIAL VARCHAR2(15),
 PAGINA  NUMBER(3)
 ) ;

INSERT INTO LIBROS VALUES ('LA COLMENA', 'CELA, CAMILO JOSÉ', 'PLANETA',240);
INSERT INTO LIBROS VALUES ('LA HISTORIA DE MI HIJO', 'GORDIMER, NADINE', 'TIEM.MODERNOS',327);
INSERT INTO LIBROS VALUES ('LA MIRADA DEL OTRO', 'G.DELGADO, FERNANDO', 'PLANETA',298);
INSERT INTO LIBROS VALUES ('ÚLTIMAS TARDES CON TERESA','MARSE, JUAN', 'CÍRCULO',350);
INSERT INTO LIBROS VALUES ('LA NOVELA DE P. ANSUREZ',
'TORRENTE B., GONZALO', 'PLANETA',162);
COMMIT;

REM ********** TABLA NACIMIENTOS:******************

DROP TABLE NACIMIENTOS cascade constraints;

ALTER SESSION SET NLS_DATE_FORMAT='DD/MM/YYYY';

CREATE TABLE NACIMIENTOS (
 NOMBRE CHAR(15),
 APELLIDO CHAR(15),
 FECHANAC DATE,
 EDAD NUMBER
 ) ;


INSERT INTO NACIMIENTOS VALUES ('PEDRO', 'SÁNCHEZ','12/05/1982', 17);
INSERT INTO NACIMIENTOS VALUES ('JUAN', 'JIMÉNEZ','23/08/1982', 17);
INSERT INTO NACIMIENTOS VALUES ('MARÍA', 'LÓPEZ','02/02/1983', 16);
INSERT INTO NACIMIENTOS VALUES ('CLARA', 'LASECA','20/05/1985', 14);
COMMIT;


REM ********** FIN *************************

REM ************ TABLAS UNIDAD V
REM ************ TABLASUNI5.SQL


REM ************ TABLA ALUM, NUEVOS, ANTIGUOS ************

DROP TABLE ALUM cascade constraints;
DROP TABLE NUEVOS cascade constraints;
DROP TABLE ANTIGUOS cascade constraints;

Create TABLE ALUM
(
  NOMBRE VARCHAR2(20),
 EDAD NUMBER(2),
 LOCALIDAD VARCHAR2(15)
) ;

Create TABLE  NUEVOS
(
  NOMBRE  VARCHAR2(20),
 EDAD NUMBER(2),
 LOCALIDAD VARCHAR2(15)
) ;

Create TABLE ANTIGUOS
(
  NOMBRE  VARCHAR2(20),
 EDAD NUMBER(2),
 LOCALIDAD VARCHAR2(15)
) ;

INSERT INTO ALUM VALUES('JUAN',18,'COSLADA');
INSERT INTO ALUM VALUES('PEDRO',19,'COSLADA');
INSERT INTO ALUM VALUES('ANA',17,'ALCALÁ');
INSERT INTO ALUM VALUES('LUISA',18,'TORREJÓN');
INSERT INTO ALUM VALUES('MARÍA',20,'MADRID');
INSERT INTO ALUM VALUES('ERNESTO',21,'MADRID');
INSERT INTO ALUM VALUES('RAQUEL',19,'TOLEDO');

INSERT INTO NUEVOS VALUES('JUAN',18,'COSLADA');
INSERT INTO NUEVOS VALUES('MAITE',15,'ALCALÁ');
INSERT INTO NUEVOS VALUES('SOFÍA',14,'ALCALÁ');
INSERT INTO NUEVOS VALUES('ANA',17,'ALCALA');
INSERT INTO NUEVOS VALUES('ERNESTO',21,'MADRID');

INSERT INTO ANTIGUOS VALUES('MARÍA',20,'MADRID');
INSERT INTO ANTIGUOS VALUES('ERNESTO',21,'MADRID');
INSERT INTO ANTIGUOS VALUES('ANDRÉS',26,'LAS ROZAS');
INSERT INTO ANTIGUOS VALUES('IRENE',24,'LAS ROZAS');

COMMIT;

REM ************ TABLA PERSONAL, PROFESORES, CENTROS ***********

DROP TABLE PERSONAL cascade constraints;

CREATE TABLE PERSONAL (
 COD_CENTRO   NUMBER(4) NOT NULL,
 DNI NUMBER(10),
 APELLIDOS VARCHAR2(30),
 FUNCION VARCHAR2(15),
 SALARIO NUMBER (10)
);

INSERT INTO PERSONAL VALUES (10,1112345,'Martínez Salas, Fernando',
'PROFESOR', 220000);
INSERT INTO PERSONAL VALUES (10,4123005,'Bueno Zarco, Elisa',
'PROFESOR', 220000);
INSERT INTO PERSONAL VALUES (10,4122025,'Montes García, M.Pilar',
'PROFESOR', 220000);

INSERT INTO PERSONAL VALUES (15,1112345,'Rivera Silvestre, Ana',
'PROFESOR', 205000);
INSERT INTO PERSONAL VALUES (15,9800990, 'Ramos Ruiz, Luis',
'PROFESOR', 205000);
INSERT INTO PERSONAL VALUES (15,8660990, 'De Lucas Fdez, M.Angel',
'PROFESOR', 205000);

INSERT INTO PERSONAL VALUES (22,7650000, 'Ruiz Lafuente, Manuel',
'PROFESOR', 220000);
INSERT INTO PERSONAL VALUES (45,43526789, 'Serrano Laguía, María',
'PROFESOR', 205000);


INSERT INTO PERSONAL VALUES (10,4480099,'Ruano Cerezo, Manuel',
'ADMINISTRATIVO', 180000);
INSERT INTO PERSONAL VALUES (15,1002345,'Albarrán Serrano, Alicia',
'ADMINISTRATIVO', 180000);
INSERT INTO PERSONAL VALUES (15,7002660,'Muñoz Rey, Felicia',
'ADMINISTRATIVO', 180000);
INSERT INTO PERSONAL VALUES (22,5502678,'Marín Marín, Pedro',
'ADMINISTRATIVO', 180000);
INSERT INTO PERSONAL VALUES (22,6600980, 'Peinado Gil, Elena',
'CONSERJE', 175000);
INSERT INTO PERSONAL VALUES (45,4163222, 'Sarro Molina, Carmen',
'CONSERJE', 175000);


DROP TABLE PROFESORES cascade constraints;

CREATE TABLE PROFESORES (
 COD_CENTRO   NUMBER(4) NOT NULL,
 DNI          NUMBER(10),
 APELLIDOS VARCHAR2(30),
 ESPECIALIDAD VARCHAR2(16)
) ;


INSERT INTO PROFESORES VALUES (10,1112345,'Martínez Salas, Fernando',
'INFORMÁTICA');
INSERT INTO PROFESORES VALUES (10,4123005,'Bueno Zarco, Elisa',
'MATEMÁTICAS');
INSERT INTO PROFESORES VALUES (10,4122025,'Montes García, M.Pilar',
'MATEMÁTICAS');

INSERT INTO PROFESORES VALUES (15,9800990, 'Ramos Ruiz, Luis',
	'LENGUA');
INSERT INTO PROFESORES VALUES (15,1112345,'Rivera Silvestre, Ana',
	'DIBUJO');
INSERT INTO PROFESORES VALUES (15,8660990, 'De Lucas Fdez, M.Angel',
'LENGUA');

INSERT INTO PROFESORES VALUES (22,7650000, 'Ruiz Lafuente, Manuel',
'MATEMÁTICAS');
INSERT INTO PROFESORES VALUES (45,43526789, 'Serrano Laguía, María',
'INFORMÁTICA');

DROP TABLE CENTROS cascade constraints;

CREATE TABLE CENTROS (
 COD_CENTRO   NUMBER(4) NOT NULL,
 TIPO_CENTRO  CHAR(1),
 NOMBRE VARCHAR2(30),
 DIRECCION VARCHAR2(26),
 TELEFONO VARCHAR2(10),
 NUM_PLAZAS NUMBER(4)
 ) ;


INSERT INTO CENTROS VALUES (10,'S','IES El Quijote',
'Avda. Los Molinos 25', '965-887654',538);
INSERT INTO CENTROS VALUES (15,'P','CP Los Danzantes', 'C/Las Musas s/n',
'985-112322',250);
INSERT INTO CENTROS VALUES (22,'S', 'IES Planeta Tierra', 'C/Mina 45',
'925-443400',300);
INSERT INTO CENTROS VALUES (45,'P', 'CP Manuel Hidalgo', 'C/Granada 5',
'926-202310',220);
INSERT INTO CENTROS VALUES (50,'S', 'IES Antoñete', 'C/Los Toreros 21',
'989-406090',310);

commit;

REM *********************************************************
REM ***TABLAS BANCOS, SUCURSALES, CUENTAS Y MOVIMIENTOS. ***
REM ** BORRADO DE TABLAS *****

drop table bancos cascade constraints;
drop table sucursales cascade constraints;
drop table CUENTAS cascade constraints;
drop table MOVIMIENTOS Cascade constraints;


REM ***** CREACION DE TABLAS *****

Create TABLE   BANCOS(
COD_BANCO   NUMBER(4) PRIMARY KEY,
NF_BANCO    VARCHAR2(10),
NOMBRE_BANC VARCHAR2(30),
DOM_FISCAL  VARCHAR(35),
POBLACION   VARCHAR(35)
);


Create TABLE  SUCURSALES(
COD_BANCO   NUMBER(4),
COD_SUCUR   NUMBER (4),
NOMBRE_SUC  VARCHAR2(35),
DIREC_SUC   VARCHAR2(35),
LOC_SUC     VARCHAR2(20),
PROV_SUC    VARCHAR2(20),
PRIMARY KEY (COD_BANCO,COD_SUCUR)
);

Create TABLE   CUENTAS(
COD_BANCO   NUMBER(4),
COD_SUCUR   NUMBER(4),
NUM_CTA     NUMBER(10) ,
FECHA_ALTA  DATE,
NOMBRE_CTA  VARCHAR2(35),
DIREC_CTA   VARCHAR2(35),
POBLA_CTA   VARCHAR2(20),
SALDO_DEBE  NUMBER(10),
SALDO_HABER NUMBER(10),
PRIMARY KEY (COD_BANCO,COD_SUCUR,NUM_CTA)
);

CREATE TABLE  MOVIMIENTOS(
COD_BANCO   NUMBER(4),
COD_SUCUR   NUMBER(4),
NUM_CTA     NUMBER(10),
FECHA_MOV   DATE,
TIPO_MOV    CHAR(1),
IMPORTE     NUMBER(10)
);


REM BANCOS **************

INSERT INTO BANCOS VALUES(1111,'122322223','BANCO DE ESPAÑA','GRAN VIA','MADRID');
INSERT INTO BANCOS VALUES(1112,'222322223','BANCO DE GUADALAJARA','MAYOR',
					'GUADALAJARA');
INSERT INTO BANCOS VALUES(1113,'322322223','BANCO POPULAR','LA PLAZA','TOLEDO');
INSERT INTO BANCOS VALUES(1114,'422322223','CAJA CM','RIO DULCE','ALBACETE');


REM SUCURSALES  **************

INSERT INTO sucursales VALUES(1111, 5000,'* SUCURSAL 1*', 'ANCHA 24',
	'TOLEDO','TOLEDO');
INSERT INTO sucursales VALUES(1111, 5001,'* SUCURSAL 2*', 'PILON 33',
 'PASTRANA','GUADALAJARA');

INSERT INTO sucursales VALUES(1112, 6000,'* SUCURSAL 6000*', 'MAYOR 55',
 'ALCALA','ALCALA');

INSERT INTO sucursales VALUES(1113, 4000,'* SUCURSAL 4000*', 'ERAS 77',
 'ARANJUEZ','MADRID');



REM CUENTAS  ****************************

INSERT INTO CUENTAS VALUES(1111, 5000,123456789,SYSDATE -7, 'JUAN','TOLEDO',
		'TOLEDO', 0,0);
INSERT INTO CUENTAS VALUES(1111, 5000,123456788,SYSDATE -6, 'PEDRO','TOLEDO',
		'TOLEDO', 0,0);
INSERT INTO CUENTAS VALUES(1111, 5001,123456787,SYSDATE -100, 'ANA','GUADALAJARA',
		'GUADALAJARA', 0,0);
INSERT INTO CUENTAS VALUES(1111, 5001,123456786,SYSDATE -6, 'MANUEL','GUADALAJARA',
		'GUADALAJARA', 0,0);

INSERT INTO CUENTAS VALUES(1111, 5001,123456785,SYSDATE -230, 'ANDRES','ALCALA',
		'ALCALA', 0,0);

INSERT INTO CUENTAS VALUES(1112, 6000,33334444, SYSDATE,'ISABEL','MADRID',
		'MADRID', 0,0);
INSERT INTO CUENTAS VALUES(1112, 6000,33334440, SYSDATE-140,'MARIA','MADRID',
		'MADRID', 0,0);


REM MOVIMIENTOS  ****************************

INSERT INTO MOVIMIENTOS VALUES(1112, 6000,33334444, SYSDATE,'I', 1000);
INSERT INTO MOVIMIENTOS VALUES(1112, 6000,33334444, SYSDATE-1,'I', 2000);
INSERT INTO MOVIMIENTOS VALUES(1112, 6000,33334444, SYSDATE-2,'R', 100);
INSERT INTO MOVIMIENTOS VALUES(1112, 6000,33334444, SYSDATE,'R', 5000);

INSERT INTO MOVIMIENTOS VALUES(1112, 6000,33334440, SYSDATE,'R',200);
INSERT INTO MOVIMIENTOS VALUES(1112, 6000,33334440, SYSDATE-2,'I',200);

INSERT INTO MOVIMIENTOS VALUES(1111, 5000,123456789,SYSDATE -7, 'I',100);
INSERT INTO MOVIMIENTOS VALUES(1111, 5000,123456789,SYSDATE -5, 'R',200);
INSERT INTO MOVIMIENTOS VALUES(1111, 5000,123456789,SYSDATE -4, 'I',300);

INSERT INTO MOVIMIENTOS VALUES(1111, 5000,123456788,SYSDATE,'I',200);

INSERT INTO MOVIMIENTOS VALUES(1111, 5001,123456787,SYSDATE, 'R',198);

INSERT INTO MOVIMIENTOS VALUES(1111, 5001,123456786,SYSDATE,'I',998);

Commit;



REM CALCULO DE SALDOS ***************

UPDATE  CUENTAS C SET SALDO_DEBE  = (SELECT SUM(IMPORTE) FROM MOVIMIENTOS
WHERE TIPO_MOV='R' AND C.COD_BANCO= COD_BANCO AND C.COD_SUCUR=COD_SUCUR
AND C.NUM_CTA =NUM_CTA);

UPDATE  CUENTAS C SET SALDO_HABER  = (SELECT SUM(IMPORTE) FROM MOVIMIENTOS
WHERE TIPO_MOV='I' AND C.COD_BANCO= COD_BANCO AND C.COD_SUCUR=COD_SUCUR
AND C.NUM_CTA =NUM_CTA);

UPDATE  CUENTAS SET SALDO_DEBE =0 WHERE SALDO_DEBE IS NULL;
UPDATE  CUENTAS SET SALDO_HABER=0 WHERE SALDO_HABER IS NULL

COMMIT;

REM ************ FIN ****************

REM *************** TABLAS UNIDAD VI ***************
REM *************** TABLASUNI6.SQL *****************

REM *************** TABLA EMPLE30: **************

DROP TABLE EMPLE30 cascade constraints;

CREATE TABLE EMPLE30 (
 EMP_NO    NUMBER(4) NOT NULL,
 APELLIDO  VARCHAR(10)  ,
 OFICIO    VARCHAR(10)  ,
 DIR       NUMBER(4) ,
 FECHA_ALT DATE      ,
 SALARIO   NUMBER(7),
 COMISION  NUMBER(7),
 DEPT_NO   NUMBER(2) NOT NULL) ;


REM *************** TABLA NOMBRES: *************
DROP TABLE NOMBRES cascade constraints;
CREATE TABLE NOMBRES
(
  NOMBRE VARCHAR2(15),
  EDAD NUMBER(2)
) ;

INSERT INTO NOMBRES VALUES('PEDRO', 17);
INSERT INTO NOMBRES VALUES('JUAN', 17);
INSERT INTO NOMBRES VALUES('MARÍA', 16);
INSERT INTO NOMBRES VALUES('CLARA', 14);
INSERT INTO NOMBRES VALUES(NULL, 15);
INSERT INTO NOMBRES VALUES(NULL, 18);
INSERT INTO NOMBRES VALUES('JESÚS', NULL);

COMMIT;



REM *************** TABLAS ARTICULOS, TIENDAS, FABRICANTES, PEDIDOS y VENTAS:********

DROP TABLE ARTICULOS cascade constraints;
DROP TABLE TIENDAS cascade constraints;
DROP TABLE FABRICANTES cascade constraints;
DROP TABLE PEDIDOS cascade constraints;
DROP TABLE VENTAS cascade constraints;

CREATE TABLE ARTICULOS(
ARTICULO       VARCHAR2(20),
COD_FABRICANTE NUMBER(3),
PESO           NUMBER(3),
CATEGORIA      VARCHAR2(10),
PRECIO_VENTA   NUMBER (6,2),
PRECIO_COSTO   NUMBER (6,2),
EXISTENCIAS    NUMBER (5),
CONSTRAINT PK_ARTICULOS PRIMARY KEY (ARTICULO,COD_FABRICANTE,PESO,CATEGORIA)
);

INSERT INTO ARTICULOS VALUES ('Macarrones',20, 1, 'Primera',1, 0.98,120);

INSERT INTO ARTICULOS VALUES ('Tallarines',20, 2, 'Primera',1.20,1,100);

INSERT INTO ARTICULOS VALUES ('Tallarines',20, 1, 'Segunda',0.99,0.50,100);

INSERT INTO ARTICULOS VALUES ('Macarrones',20, 1, 'Tercera',0.80,0.50,100);

INSERT INTO ARTICULOS VALUES ('Atún',10, 3, 'Primera',2,1.50,220);
INSERT INTO ARTICULOS VALUES ('Atún',10, 3, 'Segunda',1.50,1,220);
INSERT INTO ARTICULOS VALUES ('Atún',10, 3, 'Tercera',1,0.50,220);
INSERT INTO ARTICULOS VALUES ('Sardinillas',10, 1, 'Primera',2.5,2,200);
INSERT INTO ARTICULOS VALUES ('Sardinillas',10, 1, 'Segunda',2,1.6,200);
INSERT INTO ARTICULOS VALUES ('Sardinillas',10, 1, 'Tercera',1,1.5,220);
INSERT INTO ARTICULOS VALUES ('Mejillones',10, 1, 'Tercera',1,0.9,200);
INSERT INTO ARTICULOS VALUES ('Mejillones',10, 1, 'Primera',3,2,300);



INSERT INTO ARTICULOS VALUES ('Macarrones',25, 1, 'Primera',1.5,1,150);
INSERT INTO ARTICULOS VALUES ('Tallarines',25, 1, 'Primera',1,0.90,100);
INSERT INTO ARTICULOS VALUES ('Fideos',25, 1, 'Segunda',0.75,0.50,100);
INSERT INTO ARTICULOS VALUES ('Fideos',25, 1, 'Primera',1,0.80,100);


INSERT INTO ARTICULOS VALUES ('Galletas Cuadradas',15, 1, 'Primera',2,1.8,100);
INSERT INTO ARTICULOS VALUES ('Galletas Cuadradas',15, 1, 'Segunda',1,0.8,100);
INSERT INTO ARTICULOS VALUES ('Galletas Cuadradas',15, 1, 'Tercera',0.50,0.40,100);
INSERT INTO ARTICULOS VALUES ('Barquillos',15, 1, 'Primera',1,0.80,100);
INSERT INTO ARTICULOS VALUES ('Barquillos',15, 1, 'Segunda',1,0.80,100);
INSERT INTO ARTICULOS VALUES ('Canutillos',15, 2, 'Primera',1.7,1.5,110);
INSERT INTO ARTICULOS VALUES ('Canutillos',15, 2, 'Segunda',1.2,1.5,110);

INSERT INTO ARTICULOS VALUES ('Leche entera',30, 1, 'Primera',1.1,1,300);
INSERT INTO ARTICULOS VALUES ('Leche desnat.',30, 1,'Primera',1.2,1,300);
INSERT INTO ARTICULOS VALUES ('Leche semi.',30, 1, 'Primera',1.30,1.10,300);
INSERT INTO ARTICULOS VALUES ('Leche entera',30, 2,'Primera',2.10,2,300);
INSERT INTO ARTICULOS VALUES ('Leche desnat.',30, 2, 'Primera',2.2,2,300);
INSERT INTO ARTICULOS VALUES ('Leche semi.',30, 2,  'Primera',2.3,2.1,300);
INSERT INTO ARTICULOS VALUES ('Mantequilla',30, 1, 'Primera',1.8,2,200);
INSERT INTO ARTICULOS VALUES ('Mantequilla',30, 1, 'Segunda',1.4,2,200);


CREATE TABLE FABRICANTES(
COD_FABRICANTE NUMBER(3),
NOMBRE         VARCHAR2(15),
PAIS           VARCHAR2(15),
CONSTRAINT PK_FABRICANTES PRIMARY KEY (COD_FABRICANTE)
);

INSERT INTO FABRICANTES VALUES(10,'CALVO', 'ESPAÑA');
INSERT INTO FABRICANTES VALUES(15,'LU', 'BELGICA');
INSERT INTO FABRICANTES VALUES(20,'BARILLA', 'ITALIA');
INSERT INTO FABRICANTES VALUES(25,'GALLO', 'ESPAÑA');
INSERT INTO FABRICANTES VALUES(30,'PRESIDENT', 'FRANCIA');

CREATE TABLE TIENDAS(
NIF       VARCHAR2(10),
NOMBRE    VARCHAR2(20),
DIRECCION VARCHAR2(20),
POBLACION VARCHAR2(20),
PROVINCIA VARCHAR2(20),
CODPOSTAL NUMBER(5),
CONSTRAINT PK_TIENDAS PRIMARY KEY (NIF)
);

INSERT INTO TIENDAS VALUES('1111-A','Almacenes Pérez', 'C/Toledo, 20',
 'Siguenza','GUADALAJARA',19104);
INSERT INTO TIENDAS VALUES('5555-B','La gacela', 'C/Santander Rios, 45',
 'Azuqueca','GUADALAJARA', 19209);
INSERT INTO TIENDAS VALUES('2222-A','Comestibles Rodolfo',
'C/ del Val s/n', 'Alcalá de Henares','MADRID',28804);
INSERT INTO TIENDAS VALUES('4444-A','La Pasta Gansa', 'C/Alcalá, 2',
 'Ajalvir','MADRID', 28765);
 INSERT INTO TIENDAS VALUES('3333-N','Ultramarinos Montse',
  'Avda. Pio 10', 'Toledo','TOLEDO',45100);
INSERT INTO TIENDAS VALUES('4141-B','Todo Toledo',
 'C/Avila 24', 'Talavera','TOLEDO',45199);


CREATE TABLE PEDIDOS(
NIF               VARCHAR2(10) NOT NULL,
ARTICULO          VARCHAR2(20) NOT NULL,
COD_FABRICANTE    NUMBER(3) NOT NULL,
PESO              NUMBER(3) NOT NULL,
CATEGORIA         VARCHAR2(10) NOT NULL,
FECHA_PEDIDO      DATE NOT NULL,
UNIDADES_PEDIDAS  NUMBER(4),
CONSTRAINT PK_PEDIDOS PRIMARY KEY (NIF, ARTICULO,COD_FABRICANTE,PESO,CATEGORIA,FECHA_PEDIDO)
) ;

ALTER SESSION SET NLS_DATE_FORMAT='DD/MM/YYYY';

INSERT INTO PEDIDOS VALUES ('5555-B','Macarrones',20, 1, 'Primera',
TO_DATE('18/02/2006'), 30);
INSERT INTO PEDIDOS VALUES ('5555-B','Atún',10, 3, 'Primera',
TO_DATE('21/02/2006'), 10);
INSERT INTO PEDIDOS VALUES ('5555-B','Atún',10, 3, 'Segunda',
TO_DATE('11/03/2006'), 4);
INSERT INTO PEDIDOS VALUES ('5555-B','Sardinillas',10, 1, 'Segunda',
TO_DATE('11/03/2006'), 10);
INSERT INTO PEDIDOS VALUES ('5555-B','Macarrones',25, 1, 'Primera',
TO_DATE('14/04/2006'), 12);
INSERT INTO PEDIDOS VALUES ('5555-B','Fideos',25, 1, 'Segunda',
TO_DATE('18/05/2006'), 24);
INSERT INTO PEDIDOS VALUES ('5555-B','Fideos',25, 1, 'Segunda',
TO_DATE('19/05/2006'), 20);
INSERT INTO PEDIDOS VALUES ('5555-B','Galletas Cuadradas',
15, 1, 'Segunda', TO_DATE('20/06/2006'), 15);

INSERT INTO PEDIDOS VALUES ('1111-A','Barquillos',15, 1, 'Primera',
TO_DATE('20/02/2006'), 10);

INSERT INTO PEDIDOS VALUES ('1111-A','Canutillos',15, 2, 'Segunda',
TO_DATE('10/04/2006'), 12);
INSERT INTO PEDIDOS VALUES ('1111-A','Leche semi.',30, 1, 'Primera',
TO_DATE('24/06/2006'), 5);
INSERT INTO PEDIDOS VALUES ('1111-A','Leche semi.',30, 2, 'Primera',
TO_DATE('04/07/2006'), 11);
INSERT INTO PEDIDOS VALUES ('1111-A','Mantequilla',30, 1, 'Primera',
TO_DATE('10/07/2006'), 10);

INSERT INTO PEDIDOS VALUES ('4141-B','Macarrones',20, 1, 'Primera',
TO_DATE('16/04/2006'), 30);
INSERT INTO PEDIDOS VALUES ('4141-B','Atún',10, 3, 'Primera',
TO_DATE('21/06/2006'), 10);
INSERT INTO PEDIDOS VALUES ('4141-B','Atún',10, 3, 'Segunda',
TO_DATE('12/08/2006'), 9);


INSERT INTO PEDIDOS VALUES ('2222-A','Sardinillas',10, 1,
 'Segunda', TO_DATE('12/08/2006'),20);
INSERT INTO PEDIDOS VALUES ('2222-A','Sardinillas',10, 1,
'Tercera', TO_DATE('12/08/2006'),22);
INSERT INTO PEDIDOS VALUES('2222-A','Mejillones',10,1,
 'Primera',SYSDATE,1000);

INSERT INTO PEDIDOS VALUES ('3333-A','Macarrones',25, 1,
 'Primera',TO_DATE('10/11/2006'),8);
INSERT INTO PEDIDOS VALUES ('3333-A','Tallarines',25, 1,
'Primera', TO_DATE('12/11/2006'),9);
 INSERT INTO PEDIDOS VALUES ('3333-A','Fideos',25, 1,
'Primera', TO_DATE('15/11/2006'),11);
 INSERT INTO PEDIDOS VALUES ('3333-A','Galletas Cuadradas',
15, 1, 'Primera', TO_DATE('20/11/2006'),6);
INSERT INTO PEDIDOS VALUES ('3333-A','Barquillos',15, 1,
'Segunda', TO_DATE('20/11/2006'),40);
 INSERT INTO PEDIDOS VALUES ('3333-A','Canutillos',15, 2,
'Segunda', TO_DATE('20/11/2006'),10);



CREATE TABLE VENTAS(
NIF                VARCHAR2(10),
ARTICULO           VARCHAR2(20) ,
COD_FABRICANTE     NUMBER(3),
PESO               NUMBER(3),
CATEGORIA          VARCHAR2(10),
FECHA_VENTA        DATE NOT NULL,
UNIDADES_VENDIDAS  NUMBER(4),
CONSTRAINT PK_VENTAS PRIMARY KEY (NIF,ARTICULO,COD_FABRICANTE,PESO,CATEGORIA,FECHA_VENTA)
);


INSERT INTO VENTAS VALUES ('5555-B','Macarrones',20, 1, 'Primera',
TO_DATE('19/02/2006'), 5);
INSERT INTO VENTAS VALUES ('5555-B','Atún',10, 3, 'Primera',
TO_DATE('19/02/2006'), 6);
INSERT INTO VENTAS VALUES ('5555-B','Atún',10, 3, 'Segunda',
TO_DATE('20/03/2006'), 15);
INSERT INTO VENTAS VALUES ('5555-B','Sardinillas',10, 1, 'Segunda',
TO_DATE('20/03/2006'), 8);
INSERT INTO VENTAS VALUES ('5555-B','Macarrones',25, 1, 'Primera',
TO_DATE('17/04/2006'), 2);
INSERT INTO VENTAS VALUES ('5555-B','Fideos',25, 1, 'Segunda',
TO_DATE('18/05/2006'), 14);
INSERT INTO VENTAS VALUES ('5555-B','Leche semi.',30, 1, 'Primera',
TO_DATE('24/06/2006'), 5);

INSERT INTO VENTAS VALUES ('2222-A','Galletas Cuadradas',
15, 1, 'Segunda', TO_DATE('20/06/2006'), 5);
INSERT INTO VENTAS VALUES ('2222-A','Barquillos',15, 1, 'Primera',
TO_DATE('20/02/2006'), 6);
INSERT INTO VENTAS VALUES ('2222-A','Canutillos',15, 2, 'Segunda',
TO_DATE('10/06/2006'), 2);
INSERT INTO VENTAS VALUES ('2222-A','Sardinillas',10, 1,
 'Segunda', TO_DATE('15/08/2006'),5);
INSERT INTO VENTAS VALUES ('2222-A','Sardinillas',10, 1,
'Tercera', TO_DATE('15/08/2006'),5);


INSERT INTO VENTAS VALUES ('3333-A','Leche semi.',30, 2, 'Primera',
TO_DATE('06/07/2006'), 11);
INSERT INTO VENTAS VALUES ('3333-A','Mantequilla',30, 1, 'Primera',
TO_DATE('16/07/2006'), 10);
INSERT INTO VENTAS VALUES ('3333-A','Macarrones',20, 1, 'Primera',
TO_DATE('26/04/2006'), 30);
INSERT INTO VENTAS VALUES ('3333-A','Atún',10, 3, 'Primera',
TO_DATE('26/04/2006'), 10);
INSERT INTO VENTAS VALUES ('3333-A','Barquillos',15, 1,
'Segunda', TO_DATE('25/11/2006'),4);
 INSERT INTO VENTAS VALUES ('3333-A','Canutillos',15, 2,
'Segunda', TO_DATE('25/11/2006'),4);

INSERT INTO VENTAS VALUES ('4141-B','Atún',10, 3, 'Segunda',
TO_DATE('12/08/2006'), 2);

INSERT INTO VENTAS VALUES ('4141-B','Macarrones',25, 1,
 'Primera',TO_DATE('10/11/2006'),2);
INSERT INTO VENTAS VALUES ('4141-B','Tallarines',25, 1,
'Primera', TO_DATE('11/11/2006'),3);
INSERT INTO VENTAS VALUES ('4141-B','Canutillos',15, 2,
'Segunda', TO_DATE('11/11/2006'),8);

commit;

REM *************** FIN *******************************

REM ****************** TABLAS UNIDAD VIII ************
REM ****************** TABLASUNI8.SQL ************

REM ****************** TABLAS TVENTAS Y TARTICULOS:

DROP TABLE TARTICULOS CASCADE CONSTRAINTS;
DROP TABLE TVENTAS CASCADE CONSTRAINTS;

Create table TARTICULOS
(
  CODIGO NUMBER(3)   PRIMARY KEY,
  DENOM VARCHAR2(18) NOT NULL,
  EXIS NUMBER(5),
  PVP NUMBER(6,2)
) ;

Create table TVENTAS
(
  CODIGO NUMBER(3)  REFERENCES TARTICULOS,
  FECHA_VENTA DATE ,
  UNI_VEND NUMBER(4),
  PRIMARY KEY (CODIGO, FECHA_VENTA)
) ;


INSERT INTO TARTICULOS VALUES(100,'NARANJAS', 100,1.2);
INSERT INTO TARTICULOS VALUES(101,'PATATAS', 200,0.7);
INSERT INTO TARTICULOS VALUES(102,'CEBOLLAS', 50,0.92);
INSERT INTO TARTICULOS VALUES(103,'SANDÍAS', 200,1.2);
INSERT INTO TARTICULOS VALUES(104,'NUECES', 300,2);
INSERT INTO TARTICULOS VALUES(105,'PERAS', 50,2.5);
INSERT INTO TARTICULOS VALUES(106,'MANZANAS', 55,2.5);
INSERT INTO TARTICULOS VALUES(107,'JUDÍAS VERDES', 600,5.2);
INSERT INTO TARTICULOS VALUES(108,'GARBANZOS', 300,2.2);
INSERT INTO TARTICULOS VALUES(109,'LENTEJAS', 250,1.9);
INSERT INTO TARTICULOS VALUES(110,'JUDÍAS BLANCAS',178,2.3);

ALTER SESSION SET NLS_DATE_FORMAT='DD/MM/YYYY';

INSERT INTO TVENTAS VALUES(100,TO_DATE('14/04/2005'),5);
INSERT INTO TVENTAS VALUES(100,TO_DATE('18/04/2005'),6);
INSERT INTO TVENTAS VALUES(100,TO_DATE('19/05/2005'),10);
INSERT INTO TVENTAS VALUES(100,TO_DATE('26/05/2005'),10);

INSERT INTO TVENTAS VALUES(101,TO_DATE('22/04/2005'),20);
INSERT INTO TVENTAS VALUES(101,TO_DATE('25/05/2005'),15);
INSERT INTO TVENTAS VALUES(101,TO_DATE('27/05/2005'),16);

INSERT INTO TVENTAS VALUES(102,TO_DATE('07/04/2005'),10);
INSERT INTO TVENTAS VALUES(102,TO_DATE('09/04/2005'),11);
INSERT INTO TVENTAS VALUES(102,TO_DATE('10/05/2005'),5);
INSERT INTO TVENTAS VALUES(102,TO_DATE('28/05/2005'),6);
INSERT INTO TVENTAS VALUES(102,TO_DATE('30/05/2005'),14);

INSERT INTO TVENTAS VALUES(108,TO_DATE('06/04/2005'),10);
INSERT INTO TVENTAS VALUES(108,TO_DATE('07/05/2005'),11);
INSERT INTO TVENTAS VALUES(108,TO_DATE('10/05/2005'),5);

INSERT INTO TVENTAS VALUES(109,TO_DATE('06/04/2005'),10);
INSERT INTO TVENTAS VALUES(109,TO_DATE('28/05/2005'),6);
INSERT INTO TVENTAS VALUES(109,TO_DATE('29/05/2005'),18);
INSERT INTO TVENTAS VALUES(109,TO_DATE('30/05/2005'),14);
INSERT INTO TVENTAS VALUES(109,TO_DATE('31/05/2005'),18);

INSERT INTO TVENTAS VALUES(110,TO_DATE('21/05/2005'),20);
INSERT INTO TVENTAS VALUES(110,TO_DATE('31/05/2005'),54);

Commit;
REM *************************************************************
REM   ****** TABLAS CLIENTES08, PEDIDOS08, PRODUCTOS08
REM******************************************************

REM ## TABLA CLIENTES08
DROP TABLE CLIENTES08 CASCADE CONSTRAINTS;
CREATE TABLE CLIENTES08
(CLIENTE_NO		NUMBER(4),
 NOMBRE 		VARCHAR(25),
 LOCALIDAD         	VARCHAR(14),
 VENDEDOR_NO       	NUMBER(4),
 DEBE			NUMBER(9),
 HABER			NUMBER(9),
 LIMITE_CREDITO    	NUMBER(9),
 CONSTRAINT PK_CLIENTE_NO PRIMARY KEY(CLIENTE_NO)
);

REM ## TABLA PRODUCTOS08
DROP TABLE PRODUCTOS08 CASCADE CONSTRAINTS;
CREATE TABLE PRODUCTOS08
(PRODUCTO_NO  		NUMBER(4),
 DESCRIPCION  		VARCHAR(30),
 PRECIO_ACTUAL 		NUMBER(8),
 STOCK_DISPONIBLE	NUMBER(9),
CONSTRAINT PK_PRODUCTO_NO PRIMARY KEY (PRODUCTO_NO)
);

REM ## TABLA PEDIDOS08
DROP TABLE PEDIDOS08 CASCADE CONSTRAINTS;
CREATE TABLE PEDIDOS08
(PEDIDO_NO         	NUMBER(4),
 PRODUCTO_NO		NUMBER(4),
 CLIENTE_NO 		NUMBER(4),
 UNIDADES 	        NUMBER(4),
 FECHA_PEDIDO      	DATE,
CONSTRAINT PK_PEDIDO_NO PRIMARY KEY (PEDIDO_NO),
CONSTRAINT FK_PEDIDOS_PRODUCTO_NO FOREIGN KEY (PRODUCTO_NO)
		REFERENCES PRODUCTOS08(PRODUCTO_NO) ON DELETE CASCADE,
CONSTRAINT FK_PEDIDOS_CLIENTE_NO FOREIGN KEY (CLIENTE_NO)
		REFERENCES CLIENTES08(CLIENTE_NO) ON DELETE CASCADE
);

REM ## CLIENTES08
INSERT INTO CLIENTES08 VALUES (101, 'DISTRIBUCIONES GOMEZ', 'MADRID', 7499, 0,0,3000);
INSERT INTO CLIENTES08 VALUES (102, 'LOGITRONICA S.L', 'BARCELONA', 7654,0,0,3000);
INSERT INTO CLIENTES08 VALUES (103, 'INDUSTRIAS LACTEAS S.A.', 'LAS ROZAS', 7844,0,0, 6000);
INSERT INTO CLIENTES08 VALUES (104, 'TALLERES ESTESO S.A.', 'SEVILLA', 7654, 0, 0, 3000);
INSERT INTO CLIENTES08 VALUES (105, 'EDICIONES SANZ', 'BARCELONA', 7499, 0,0,3000);
INSERT INTO CLIENTES08 VALUES (106, 'SIGNOLOGIC S.A.', 'MADRID', 7654,0,0,3000);
INSERT INTO CLIENTES08 VALUES (107, 'MARTIN Y ASOCIADOS S.L.', 'ARAVACA' , 7844,0,0, 6000);
INSERT INTO CLIENTES08 VALUES (108, 'MANUFACTURAS ALI S.A.', 'SEVILLA', 7654, 0, 0, 3000);

REM ## PRODUCTOS08
INSERT INTO PRODUCTOS08 VALUES(10,'MESA DESPACHO MOD. GAVIOTA', 550, 50);
INSERT INTO PRODUCTOS08 VALUES (20, 'SILLA DIRECTOR MOD. BUFALO', 670, 25);
INSERT INTO PRODUCTOS08 VALUES (30, 'ARMARIO NOGAL DOS PUERTAS', 460, 20);
INSERT INTO PRODUCTOS08 VALUES (40, 'MESA MODELO UNIÓN',340, 15);
INSERT INTO PRODUCTOS08 VALUES (50, 'ARCHIVADOR CEREZO',1050, 20);
INSERT INTO PRODUCTOS08 VALUES (60, 'CAJA SEGURIDAD MOD B222', 280, 15);
INSERT INTO PRODUCTOS08 VALUES (70, 'DESTRUCTORA DE PAPEL A3',450, 25);
INSERT INTO PRODUCTOS08 VALUES (80, 'MODULO ORDENADOR MOD. ERGOS', 550, 25);

REM ## PEDIDOS08
INSERT INTO PEDIDOS08 VALUES(1000, 20, 103, 3, '06-OCT-2005');
INSERT INTO PEDIDOS08 VALUES(1001, 50, 106, 2, '06-OCT-2005');
INSERT INTO PEDIDOS08 VALUES(1002, 10, 101, 4, '07-OCT-2005');
INSERT INTO PEDIDOS08 VALUES(1003, 20, 105, 4, '16-OCT-2005');
INSERT INTO PEDIDOS08 VALUES(1004, 40, 106, 8, '20-OCT-2005');
INSERT INTO PEDIDOS08 VALUES(1005, 30, 105, 2, '20-OCT-2005');
INSERT INTO PEDIDOS08 VALUES(1006, 70, 103, 3, '03-NOV-2005');
INSERT INTO PEDIDOS08 VALUES(1007, 50, 101, 2, '06-NOV-2005');
INSERT INTO PEDIDOS08 VALUES(1008, 10, 106, 6, '16-NOV-2005');
INSERT INTO PEDIDOS08 VALUES(1009, 20, 105, 2, '26-NOV-2005');
INSERT INTO PEDIDOS08 VALUES(1010, 40, 102, 3, '08-DIC-2005');
INSERT INTO PEDIDOS08 VALUES(1011, 30, 106, 2, '15-DIC-2005');
INSERT INTO PEDIDOS08 VALUES(1012, 10, 105, 3, '06-DIC-2005');
INSERT INTO PEDIDOS08 VALUES(1013, 30, 106, 2, '06-DIC-2005');
INSERT INTO PEDIDOS08 VALUES(1014, 20, 101, 4, '07-ENE-2000');
INSERT INTO PEDIDOS08 VALUES(1015, 70, 105, 4, '16-ENE-2000');
INSERT INTO PEDIDOS08 VALUES(1016, 30, 106, 7, '18-ENE-2000');
INSERT INTO PEDIDOS08 VALUES(1017, 20, 105, 6, '20-ENE-2000');


COMMIT;
REM ****************** FIN ************

-- CREACIÓN DE TABLAS ASIGNATURAS14 Y ALUMNOS14
-- Se crearán con clave.
-- ANTES DE CREARLAS SE BORRARÁN

DROP TABLE ASIGNATURAS14 CASCADE CONSTRAINTS;

CREATE TABLE ASIGNATURAS14
( COD_ASIG NUMBER(2) PRIMARY KEY,
  NOM_ASIG  VARCHAR2(20)
);

DROP TABLE ALUMNOS14 CASCADE CONSTRAINTS;
CREATE  TABLE ALUMNOS14
(
  NOM_ALUM VARCHAR2(20) NOT NULL,
  COD_ASIG NUMBER(2) NOT NULL,
  NOTA  NUMBER(2),
  CONSTRAINT PK_ALUM PRIMARY KEY(NOM_ALUM, COD_ASIG),
  CONSTRAINT FK_ALUM FOREIGN KEY(COD_ASIG) REFERENCES ASIGNATURAS14
);

-- LLENO ASIGNATURAS:

INSERT INTO ASIGNATURAS14 VALUES(1,'INFORMÁTICA');
INSERT INTO ASIGNATURAS14 VALUES(2,'MATEMÁTICAS');
INSERT INTO ASIGNATURAS14 VALUES(3,'FÍSICA');
INSERT INTO ASIGNATURAS14 VALUES(4,'LENGUA');
INSERT INTO ASIGNATURAS14 VALUES(5,'FRANCÉS');
INSERT INTO ASIGNATURAS14 VALUES(6,'INGLÉS');
INSERT INTO ASIGNATURAS14 VALUES(7,'HISTORIA');
INSERT INTO ASIGNATURAS14 VALUES(8,'BIOLOGÍA');
INSERT INTO ASIGNATURAS14 VALUES(9,'GEOLOGÍA');
INSERT INTO ASIGNATURAS14 VALUES(10,'ED. FÍSICA');

Commit;

INSERT INTO ALUMNOS14 VALUES('JUAN',1,7);
INSERT INTO ALUMNOS14 VALUES('JUAN',2,6);
INSERT INTO ALUMNOS14 VALUES('JUAN',3,8);
INSERT INTO ALUMNOS14 VALUES('JUAN',4,9);

INSERT INTO ALUMNOS14 VALUES('PEPE',3,5);
INSERT INTO ALUMNOS14 VALUES('PEPE',4,6);
INSERT INTO ALUMNOS14 VALUES('PEPE',6,9);
INSERT INTO ALUMNOS14 VALUES('PEPE',2,7);

INSERT INTO ALUMNOS14 VALUES('ANA',1,8);
INSERT INTO ALUMNOS14 VALUES('ANA',2,9);
INSERT INTO ALUMNOS14 VALUES('ANA',5,8);
INSERT INTO ALUMNOS14 VALUES('ANA',6,7);

INSERT INTO ALUMNOS14 VALUES('PEPA',3,4);
INSERT INTO ALUMNOS14 VALUES('PEPA',6,8);
INSERT INTO ALUMNOS14 VALUES('PEPA',7,9);

Commit;

REM **************************************
REM ******** TABLA DEPART: ***********

DROP TABLE DEPART cascade constraints;

CREATE TABLE DEPART (
 DEPT_NO  NUMBER(2) PRIMARY KEY,
 DNOMBRE  VARCHAR2(14),
 LOC      VARCHAR2(14) ) ;

INSERT INTO DEPART VALUES (10,'CONTABILIDAD','SEVILLA');
INSERT INTO DEPART VALUES (20,'INVESTIGACION','MADRID');
INSERT INTO DEPART VALUES (30,'VENTAS','BARCELONA');
INSERT INTO DEPART VALUES (40,'PRODUCCION','BILBAO');
COMMIT;


REM ******** TABLA EMPLE: *************

ALTER SESSION SET NLS_DATE_FORMAT='DD/MM/YYYY';

DROP TABLE EMPLE cascade constraints;

CREATE TABLE EMPLE (
 EMP_NO    NUMBER(4) PRIMARY KEY,
 APELLIDO  VARCHAR2(10)  ,
 OFICIO    VARCHAR2(10)  ,
 DIR       NUMBER(4) ,
 FECHA_ALT DATE      ,
 SALARIO   NUMBER(7),
 COMISION  NUMBER(7),
 DEPT_NO   NUMBER(2) NOT NULL REFERENCES DEPART) ;

INSERT INTO EMPLE VALUES (7369,'SANCHEZ','EMPLEADO',7902,'17/12/1990',
                        1040,NULL,20);
INSERT INTO EMPLE VALUES (7499,'ARROYO','VENDEDOR',7698,'20/02/1990',
                        1500,390,30);
INSERT INTO EMPLE VALUES (7521,'SALA','VENDEDOR',7698,'22/02/1991',
                        1625,650,30);
INSERT INTO EMPLE VALUES (7566,'JIMENEZ','DIRECTOR',7839,'02/04/1991',
                        2900,NULL,20);
INSERT INTO EMPLE VALUES (7654,'MARTIN','VENDEDOR',7698,'29/09/1991',
                        1600,1020,30);
INSERT INTO EMPLE VALUES (7698,'NEGRO','DIRECTOR',7839,'01/05/1991',
                        3005,NULL,30);
INSERT INTO EMPLE VALUES (7782,'CEREZO','DIRECTOR',7839,'09/06/1991',
                        2885,NULL,10);
INSERT INTO EMPLE VALUES (7788,'GIL','ANALISTA',7566,'09/11/1991',
                        3000,NULL,20);
INSERT INTO EMPLE VALUES (7839,'REY','PRESIDENTE',NULL,'17/11/1991',
                        4100,NULL,10);
INSERT INTO EMPLE VALUES (7844,'TOVAR','VENDEDOR',7698,'08/09/1991',
                        1350,0,30);
INSERT INTO EMPLE VALUES (7876,'ALONSO','EMPLEADO',7788,'23/09/1991',
                        1430,NULL,20);
INSERT INTO EMPLE VALUES (7900,'JIMENO','EMPLEADO',7698,'03/12/1991',
                        1335,NULL,30);
INSERT INTO EMPLE VALUES (7902,'FERNANDEZ','ANALISTA',7566,'03/12/1991',
                        3000,NULL,20);
INSERT INTO EMPLE VALUES (7934,'MUÑOZ','EMPLEADO',7782,'23/01/1992',
                        1690,NULL,10);

COMMIT;
REM *****************TABLAS HOSPTAL, SALA, PLANTILLA******************
REM  ****************** TABLA HOSPITAL

DROP TABLE HOSPITAL CASCADE CONSTRAINTS;

CREATE TABLE HOSPITAL (
 HOSPITAL_COD    NUMBER(2) PRIMARY KEY,
 NOMBRE          VARCHAR2(12) ,
 DIRECCION       VARCHAR2(20) ,
 TELEFONO        VARCHAR2(10) ,
 NUM_CAMAS        NUMBER(4));

INSERT INTO HOSPITAL VALUES (13,'Provincial', 'O Donell 50', '964-426400',502);
INSERT INTO HOSPITAL VALUES (18,'General', 'Atocha s/n', '595-311122',987);
INSERT INTO HOSPITAL VALUES (22,'La Paz', 'Castellana 1000', '923-541134',412);
INSERT INTO HOSPITAL VALUES (45,'San Carlos', 'Ciudad Universitaria', '597-150090',845);


REM  ****************** TABLA PLANTILLA
DROP TABLE PLANTILLA cascade constraints;

CREATE TABLE PLANTILLA (
 HOSPITAL_COD  NUMBER(2) NOT NULL,
 SALA_COD  NUMBER(2),
 EMPLEADO_NO  NUMBER(4),
 APELLIDO CHAR(16),
 FUNCION CHAR(10),
 TURNO CHAR(1),
 SALARIO NUMBER (5));

INSERT INTO PLANTILLA VALUES (13,6,3754,'Díaz B.','Enfermera','T',1362);
INSERT INTO PLANTILLA VALUES (13,6,3106,'Hernández J.','Enfermero','T',1450);
INSERT INTO PLANTILLA VALUES (18,4,6357,'Karplus W.','Interno','T',2009);
INSERT INTO PLANTILLA VALUES (22,6,1009,'Higueras D.','Enfermera','T',2005);
INSERT INTO PLANTILLA VALUES (22,6,8422,'Bocina G.','Enfermero','M',1200);
INSERT INTO PLANTILLA VALUES (22,2,9901,'Nuñez C.','Interno','M',1300);
INSERT INTO PLANTILLA VALUES (22,1,6065,'Rivera G.','Enfermera','N',1006);
INSERT INTO PLANTILLA VALUES (22,1,7379,'Carlos R.','Enfermera','T',1200);
INSERT INTO PLANTILLA VALUES (45,4,1280,'Amigo R.','Interno','N',1250);
INSERT INTO PLANTILLA VALUES (45,1,8526,'Frank H.','Enfermero','T',1300);
INSERT INTO PLANTILLA VALUES (45,2,8526,'Petra H.','Enfermera','T',1345);
INSERT INTO PLANTILLA VALUES (45,1,8526,'Juana Mar.','Enfermera','T',1322);

REM  ****************** TABLA SALA

DROP TABLE SALA CASCADE CONSTRAINTS;

CREATE TABLE SALA (
 HOSPITAL_COD    NUMBER(2) NOT NULL,
 SALA_COD        NUMBER(2) NOT NULL,
 NOMBRE          VARCHAR2(20),
 NUM_CAMA        NUMBER(4));

INSERT INTO SALA VALUES (13,3, 'Cuidados intensivos',21);
INSERT INTO SALA VALUES (13,6, 'Psiquiátrico', 67);
INSERT INTO SALA VALUES (18,3, 'Cuidados intensivos',10);
INSERT INTO SALA VALUES (18,4, 'Cardiología', 53);
INSERT INTO SALA VALUES (22,1, 'Recuperación', 10);
INSERT INTO SALA VALUES (22,6, 'Psiquiátrico', 118);
INSERT INTO SALA VALUES (22,2, 'Maternidad', 34);
INSERT INTO SALA VALUES (45,4, 'Cardiología', 55);
INSERT INTO SALA VALUES (45,1, 'Recuperación', 13);
INSERT INTO SALA VALUES (45,2, 'Maternidad',24);

Commit;

-- CREACIÓN DE CLIENTES, PRODUCTOS Y VENTAPROD
-- ANTES DE CREAR CADA TABLA LA BORRAMOS

DROP TABLE CLIENTES CASCADE CONSTRAINTS;

CREATE TABLE CLIENTES (
   NIF       VARCHAR2(10) NOT NULL,
   NOMBRE    VARCHAR(14),
   LOCALIDAD VARCHAR(14),
   CONSTRAINT PK_CLIEN PRIMARY KEY (NIF)
);

INSERT INTO CLIENTES VALUES ('7114B','JUAN GÓMEZ','SEVILLA');
INSERT INTO CLIENTES VALUES ('7871A','PEDRO GARCÍA','MADRID');
INSERT INTO CLIENTES VALUES ('9871H','JULIA MENA','BARCELONA');
INSERT INTO CLIENTES VALUES ('8554L','ROSA MUÑOZ','BILBAO');
INSERT INTO CLIENTES VALUES ('5554M','PEPA LÓPEZ','BILBAO');
INSERT INTO CLIENTES VALUES ('4554J','PEPE PINTO','TOLEDO');
INSERT INTO CLIENTES VALUES ('4675J','ALBERT MUNT','MADRID');

-- ------------------------------------------------------------

DROP TABLE PRODUCTOS CASCADE CONSTRAINTS;

CREATE TABLE PRODUCTOS (
   COD_PRODUCTO    NUMBER(4) NOT NULL,
   DESCRIPCION     VARCHAR2(20) NOT NULL,
   LINEA_PRODUCTO  VARCHAR(10)  ,
   PRECIO          NUMBER(4) ,
   CONSTRAINT PK_PRODUCT PRIMARY KEY (COD_PRODUCTO)
);

INSERT INTO PRODUCTOS VALUES (12,'MESAS CAMILLA','SUPER',600);
INSERT INTO PRODUCTOS VALUES (14,'SILLA RUEDAS','SUPER',800);
INSERT INTO PRODUCTOS VALUES (13,'ESTUCHE MESA','EXTRA',7);
INSERT INTO PRODUCTOS VALUES (16,'PORTAFOLIOS','NORMAL',3);
INSERT INTO PRODUCTOS VALUES (18,'RATONES','OFIMÁTICA',2);
INSERT INTO PRODUCTOS VALUES (21,'DISQUETES','OFIMÁTICA',1);
INSERT INTO PRODUCTOS VALUES (24,'ROTULADORES','ESCRITORIO',4);
INSERT INTO PRODUCTOS VALUES (27,'PLUMAS','ESCRITORIO',3);
INSERT INTO PRODUCTOS VALUES (30,'ESTUCHE GAFAS','EXTRA',8);
INSERT INTO PRODUCTOS VALUES (31,'ETIQUETAS','NORMAL',2);
INSERT INTO PRODUCTOS VALUES (33,'ALTAVOCES','OFIMÁTICA',3);
INSERT INTO PRODUCTOS VALUES (34,'FOLIOS A4','SUPER',1);
INSERT INTO PRODUCTOS VALUES (37,'RELOJ MESA','ESCRITORIO',5);
-- --------------------------------------------------------

DROP TABLE VENTAPROD CASCADE CONSTRAINTS;

CREATE TABLE VENTAPROD (
    NIF             VARCHAR2(10) NOT NULL,
    COD_PRODUCTO    NUMBER(4) NOT NULL,
    UNIDADES        NUMBER(4) NOT NULL,
    FECHA           DATE,
    CONSTRAINT FK_NIF
      FOREIGN KEY (NIF) REFERENCES CLIENTES,
    CONSTRAINT FK_COD_PRODUCTO
      FOREIGN KEY  (COD_PRODUCTO) REFERENCES PRODUCTOS
 );


-- SE CAMBIA EL FORMATO DE LA FECHA PARA QUE ALMACENE BIEN EL AÑO.

ALTER SESSION SET NLS_DATE_FORMAT = 'DD/MM/YYYY';

INSERT INTO VENTAPROD VALUES ('7114B',12,5,'21/01/2005');
INSERT INTO VENTAPROD VALUES ('7114B',12,10,'11/02/2005');
INSERT INTO VENTAPROD VALUES ('7114B',12,5,'12/03/2005');
INSERT INTO VENTAPROD VALUES ('7871A',12,5,'21/01/2005');
INSERT INTO VENTAPROD VALUES ('9871H',12,10,'21/01/2005');
INSERT INTO VENTAPROD VALUES ('8554L',12,15,'20/01/2005');
INSERT INTO VENTAPROD VALUES ('8554L',12,15,'10/03/2005');
INSERT INTO VENTAPROD VALUES ('8554L',12,15,'12/02/2005');
INSERT INTO VENTAPROD VALUES ('5554M',12,7,'11/01/2005');
INSERT INTO VENTAPROD VALUES ('4554J',12,10,'12/01/2005');
INSERT INTO VENTAPROD VALUES ('4675J',12,20,'14/01/2005');
INSERT INTO VENTAPROD VALUES ('4675J',12,10,'12/02/2005');
INSERT INTO VENTAPROD VALUES ('4675J',12,2,'10/03/2005');

INSERT INTO VENTAPROD VALUES ('7114B',14,50,'21/03/2005');
INSERT INTO VENTAPROD VALUES ('7871A',14,15,'20/01/2005');
INSERT INTO VENTAPROD VALUES ('7871A',14,25,'27/02/2005');
INSERT INTO VENTAPROD VALUES ('7871A',14,10,'24/03/2005');
INSERT INTO VENTAPROD VALUES ('9871H',14,15,'23/01/2005');
INSERT INTO VENTAPROD VALUES ('8554L',14,10,'29/01/2005');
INSERT INTO VENTAPROD VALUES ('5554M',16,12,'21/01/2005');
INSERT INTO VENTAPROD VALUES ('4554J',16,15,'24/01/2005');
INSERT INTO VENTAPROD VALUES ('4554J',16,10,'12/02/2005');
INSERT INTO VENTAPROD VALUES ('4554J',16,5,'15/03/2005');
INSERT INTO VENTAPROD VALUES ('4675J',16,10,'20/01/2005');
INSERT INTO VENTAPROD VALUES ('7114B',16,2,'21/01/2005');


INSERT INTO VENTAPROD VALUES ('7871A',30,10,'21/01/2005');
INSERT INTO VENTAPROD VALUES ('9871H',30,4,'21/01/2005');
INSERT INTO VENTAPROD VALUES ('8554L',21,5,'21/01/2006');
INSERT INTO VENTAPROD VALUES ('5554M',21,5,'21/01/2006');
INSERT INTO VENTAPROD VALUES ('4554J',33,5,'21/01/2006');
INSERT INTO VENTAPROD VALUES ('4675J',33,5,'21/01/2006');
INSERT INTO VENTAPROD VALUES ('4675J',33,10,'11/02/2006');

INSERT INTO VENTAPROD VALUES ('4675J',37,10,'11/02/2006');
INSERT INTO VENTAPROD VALUES ('7871A',37,10,'21/01/2005');
INSERT INTO VENTAPROD VALUES ('9871H',27,4,'1/01/2005');
INSERT INTO VENTAPROD VALUES ('8554L',27,10,'3/02/2006');
INSERT INTO VENTAPROD VALUES ('8554L',27,2,'13/01/2006');
INSERT INTO VENTAPROD VALUES ('8554L',27,5,'30/03/2006');
INSERT INTO VENTAPROD VALUES ('5554M',27,5,'21/03/2006');
INSERT INTO VENTAPROD VALUES ('4554J',34,5,'11/01/2006');
INSERT INTO VENTAPROD VALUES ('4554J',34,10,'18/02/2006');
INSERT INTO VENTAPROD VALUES ('4675J',34,5,'12/01/2006');
INSERT INTO VENTAPROD VALUES ('4675J',34,10,'11/02/2006');

-- SE DEJA LA FECHA COMO ESTABA.

ALTER SESSION SET NLS_DATE_FORMAT = 'DD/MM/YY';

Commit;

-- ************ BORRAMOS LAS TABLAS POR SI EXISTEN
-- TABLAS LIBROS2, SOCIOS Y PRESTAMOS.

DROP TABLE LIBROS2 CASCADE CONSTRAINTS;
DROP TABLE SOCIOS CASCADE CONSTRAINTS;
DROP TABLE PRESTAMO CASCADE CONSTRAINTS;

-- ************ CREACIÓN DE TABLAS: *********************

CREATE TABLE LIBROS2
( COD_LIBRO VARCHAR2(10) PRIMARY KEY,
  TITULO VARCHAR2(35),
  AUTOR VARCHAR2(30),
  TEMA VARCHAR2(15),
  UNIDADES NUMBER(3)
) ;
-----------------------------------------------------------------

CREATE TABLE SOCIOS
( COD_SOCIO  NUMBER(6) PRIMARY KEY,
  NOMBRE VARCHAR2(30),
  DIRECCION VARCHAR2(30),
  PROVINCIA VARCHAR2(15),
  TLF NUMBER(9)
);
------------------------------------------------------------------
CREATE  TABLE PRESTAMO
(
  COD_SOCIO NUMBER(6),
  COD_LIBRO VARCHAR2(10),
  FECHA_PRESTAMO DATE,
  CONSTRAINT PK_PRESTAMO PRIMARY KEY(COD_SOCIO, COD_LIBRO),
  CONSTRAINT FK1_PRESTAMO FOREIGN KEY(COD_LIBRO) REFERENCES LIBROS2,
  CONSTRAINT FK2_PRESTAMO FOREIGN KEY(COD_SOCIO) REFERENCES SOCIOS
);

-----------------------------------------------------------------
--------------- LLENAR LIBROS2: -------------------------------
INSERT INTO LIBROS2 VALUES('IG-110','GUÍA DE MICROSOFT WORKS 3','HARLEY HAHN','WORKS',6);
INSERT INTO LIBROS2 VALUES('IG-111','MICROSOFT WORKS 3','JOANNE WOODCOCK','WORKS',4);
INSERT INTO LIBROS2 VALUES('IG-112','MANUAL DE BORLAND C++ 4.0','ANGULO, JOSÉ MARÍA','LENGUAJE C',10);
INSERT INTO LIBROS2 VALUES('IG-113','MICROPROCESADORES 32 BITS','ANGULO, JOSÉ MARÍA','ARQUITECTURA',5);
INSERT INTO LIBROS2 VALUES('IG-114','COMPUTADORAS 5ª GENERACIÓN','BISHOP, PETER','ARQUITECTURA',6);
INSERT INTO LIBROS2 VALUES('IG-115','LIBRO DE EXCEL 97','JOHN WALKENBACH','EXCEL',7);
INSERT INTO LIBROS2 VALUES('IG-116','EXCEL 4 PARA WINDOWS-(99%)','SUSANA LINARES','EXCEL',10);
INSERT INTO LIBROS2 VALUES('IG-117','APLIQUE TURBO C++','SCHILDT H.','LENGUAJE C',4);
INSERT INTO LIBROS2 VALUES('IG-118','PROGRAMACIÓN EN C++','ENRIQUE Y JOSÉ HERNÁNDEZ','LENGUAJE C',6);
INSERT INTO LIBROS2 VALUES('IG-119','PUESTA A PUNTO DE ORACLE','ABBEY, J COREY','ORACLE',5);
INSERT INTO LIBROS2 VALUES('IG-120','ORACLE 7. MANUAL DE REFERENCIA','GEORGE KOCH','ORACLE',8);
INSERT INTO LIBROS2 VALUES('IG-121','ORACLE GUÍA DE APRENDIZAJE 7','ABBEY, J COREY','ORACLE',9);
INSERT INTO LIBROS2 VALUES('IG-122','TÉCNICAS DE PROGRAMACIÓN','F. ALONSO','PROGRAMACIÓN',8);
INSERT INTO LIBROS2 VALUES('IG-123','METODOLOGÍA DE LA PROGRAMACIÓN','D. ALONSO Y S. RUMEU','PROGRAMACIÓN',5);
INSERT INTO LIBROS2 VALUES('IG-124','PROGRAMACIÓN ORIENTADA A OBJ','MORALES Y SEGOVIA','PROGRAMACIÓN',7);

-----------------------------------------------------------
------------ LLENAR SOCIOS: ---------------------------
INSERT INTO SOCIOS VALUES(200,'JUAN MARTÍNEZ','LA ALAMEDA 15','MADRID',9166766);
INSERT INTO SOCIOS VALUES(210,'PEDRO PÉREZ','LA HOSPEDERÍA, 5','TOLEDO',4586766);
INSERT INTO SOCIOS VALUES(220,'ANA GARCÍA','DEL HOSPITAL, 10','VALENCIA',9665766);
INSERT INTO SOCIOS VALUES(223,'JAVIER SÁNCHEZ','LOS BARRIOS S/N','TOLEDO',9256766);
INSERT INTO SOCIOS VALUES(226,'ALICIA MORALES','LA MARIPOSA 89','MADRID',9198766);
INSERT INTO SOCIOS VALUES(229,'JUANA LOPEZ','EL SALTAMONTES 315','MADRID',9716796);
INSERT INTO SOCIOS VALUES(230,'FRANCISCO PONCE','LA MARCHA, 21','MADRID',91445566);

-----------------------------------------------------------
------------ LLENAR PRÉSTAMO: ---------------------------
-- SE CAMBIA LA FECHA PARA ALMACENAR EL AÑO CORRECTAMENTE

ALTER SESSION SET NLS_DATE_FORMAT = 'DD/MM/YYYY';

INSERT INTO PRESTAMO VALUES(200,'IG-114','10/10/2005');
INSERT INTO PRESTAMO VALUES(200,'IG-117','16/10/2005');
INSERT INTO PRESTAMO VALUES(200,'IG-119','17/10/2005');

INSERT INTO PRESTAMO VALUES(210,'IG-115','8/10/2005');
INSERT INTO PRESTAMO VALUES(210,'IG-117','10/10/2005');
INSERT INTO PRESTAMO VALUES(210,'IG-120','12/10/2005');
INSERT INTO PRESTAMO VALUES(210,'IG-121','12/10/2005');

INSERT INTO PRESTAMO VALUES(223,'IG-116','15/10/2005');
INSERT INTO PRESTAMO VALUES(223,'IG-117','17/10/2005');

INSERT INTO PRESTAMO VALUES(226,'IG-114','13/10/2005');
INSERT INTO PRESTAMO VALUES(226,'IG-115','15/10/2005');

INSERT INTO PRESTAMO VALUES(229,'IG-115','17/10/2005');
INSERT INTO PRESTAMO VALUES(229,'IG-120','18/10/2005');
INSERT INTO PRESTAMO VALUES(229,'IG-122','18/10/2005');

INSERT INTO PRESTAMO VALUES(230,'IG-114','10/10/2005');
INSERT INTO PRESTAMO VALUES(230,'IG-118','17/10/2005');
INSERT INTO PRESTAMO VALUES(230,'IG-119','19/10/2005');
INSERT INTO PRESTAMO VALUES(230,'IG-123','20/10/2005');

-------------------------------------------------------------------
-- DEJAMOS LA FECHA EN EL FORMATO NORMAL.

ALTER SESSION SET NLS_DATE_FORMAT = 'DD/MM/YY';

Commit;
REM **************************************************************
REM ****************************    CUENTAS  ***********

DROP TABLE MOVIMCU_05;
DROP TABLE CUENTAS_05;

Create TABLE   CUENTAS_05(
  NUM_CTA     NUMBER(5) ,
  NOMBRE_CTA  VARCHAR2(25),
  DIREC_CTA   VARCHAR2(25),
  SALDO_DEBE  NUMBER(10),
  SALDO_HABER NUMBER(10),
  CONSTRAINT PK_CU05 PRIMARY KEY (NUM_CTA)
);

CREATE TABLE  MOVIMCU_05(
   NUM_CTA     NUMBER(5),
   FECHA_MOV   DATE,
   TIPO_MOV    CHAR(1),
   IMPORTE     NUMBER(10),
   CONSTRAINT FK_CU05 FOREIGN KEY (NUM_CTA) REFERENCES CUENTAS_05
);

REM CUENTAS_05  ****************************

INSERT INTO CUENTAS_05 VALUES(12345,'JUAN','TOLEDO', 0,0);
INSERT INTO CUENTAS_05 VALUES(12346,'PEDRO','TOLEDO', 0,0);
INSERT INTO CUENTAS_05 VALUES(12347, 'ANA','GUADALAJARA',0,0);
INSERT INTO CUENTAS_05 VALUES(23458, 'MANUEL','GUADALAJARA',0,0);
INSERT INTO CUENTAS_05 VALUES(23456, 'ANDRES','ALCALA',0,0);
INSERT INTO CUENTAS_05 VALUES(33334, 'ISABEL','MADRID', 0,0);
INSERT INTO CUENTAS_05 VALUES(33344, 'MARIA','MADRID', 0,0);


REM MOVIMCU_05  ****************************

INSERT INTO MOVIMCU_05 VALUES(33334, SYSDATE,'I', 1000);
INSERT INTO MOVIMCU_05 VALUES(33334, SYSDATE-1,'I', 2000);
INSERT INTO MOVIMCU_05 VALUES(33334, SYSDATE-2,'R', 100);
INSERT INTO MOVIMCU_05 VALUES(33334, SYSDATE,'R', 5000);

INSERT INTO MOVIMCU_05 VALUES(33344, SYSDATE,'R',200);
INSERT INTO MOVIMCU_05 VALUES(33344, SYSDATE-2,'I',200);

INSERT INTO MOVIMCU_05 VALUES(12345,SYSDATE -7, 'I',100);
INSERT INTO MOVIMCU_05 VALUES(12345,SYSDATE -5, 'R',200);
INSERT INTO MOVIMCU_05 VALUES(12345,SYSDATE -4, 'I',300);

INSERT INTO MOVIMCU_05 VALUES(12346,SYSDATE,'I',200);

INSERT INTO MOVIMCU_05 VALUES(12347,SYSDATE, 'R',198);

Commit;



REM CALCULO DE SALDOS ***************

UPDATE  CUENTAS_05 C SET SALDO_DEBE  = (SELECT NVL (SUM(IMPORTE),0) FROM MOVIMCU_05
WHERE TIPO_MOV='R' AND  C.NUM_CTA =NUM_CTA);

UPDATE  CUENTAS_05 C SET SALDO_HABER  = (SELECT NVL (SUM(IMPORTE),0) FROM MOVIMCU_05
WHERE TIPO_MOV='I'  AND C.NUM_CTA =NUM_CTA);

COMMIT;

REM *******************************************

DROP TABLE PERSO_15;
REM   TABLA PERSO_15  ******************************

create table PERSO_15 (
nombre varchar2(20) primary key,
sexo char(1),
casado char(1),
hijos char(1)
);

INSERT INTO PERSO_15 VALUES ('JUAN',   'H','S','S');
INSERT INTO PERSO_15 VALUES ('ALICIA', 'M','S','S');

INSERT INTO PERSO_15 VALUES ('ANA',    'M','S','N');

INSERT INTO PERSO_15 VALUES ('ANDRES', 'H','N','S');
INSERT INTO PERSO_15 VALUES ('SUSANA', 'M','N','S');

INSERT INTO PERSO_15 VALUES ('MANUEL', 'H','N','N');


COMMIT;

REM ************ TABLAS UNIDAD 16
REM ************ TABLASUNI16.SQL

DROP TABLE ASIGNATURAS14 CASCADE CONSTRAINTS;

CREATE TABLE ASIGNATURAS14
( COD_ASIG NUMBER(2) PRIMARY KEY,
  NOM_ASIG  VARCHAR2(20)
);

DROP TABLE ALUMNOS14 CASCADE CONSTRAINTS;
CREATE  TABLE ALUMNOS14
(
  NOM_ALUM VARCHAR2(20) NOT NULL,
  COD_ASIG NUMBER(2) NOT NULL,
  NOTA  NUMBER(2),
  CONSTRAINT PK_ALUM PRIMARY KEY(NOM_ALUM, COD_ASIG),
  CONSTRAINT FK_ALUM FOREIGN KEY(COD_ASIG) REFERENCES ASIGNATURAS14
);

-- LLENO ASIGNATURAS:

INSERT INTO ASIGNATURAS14 VALUES(1,'INFORMÁTICA');
INSERT INTO ASIGNATURAS14 VALUES(2,'MATEMÁTICAS');
INSERT INTO ASIGNATURAS14 VALUES(3,'FÍSICA');
INSERT INTO ASIGNATURAS14 VALUES(4,'LENGUA');
INSERT INTO ASIGNATURAS14 VALUES(5,'FRANCÉS');
INSERT INTO ASIGNATURAS14 VALUES(6,'INGLÉS');
INSERT INTO ASIGNATURAS14 VALUES(7,'HISTORIA');
INSERT INTO ASIGNATURAS14 VALUES(8,'BIOLOGÍA');
INSERT INTO ASIGNATURAS14 VALUES(9,'GEOLOGÍA');
INSERT INTO ASIGNATURAS14 VALUES(10,'ED. FÍSICA');

Commit;

INSERT INTO ALUMNOS14 VALUES('JUAN',1,7);
INSERT INTO ALUMNOS14 VALUES('JUAN',2,6);
INSERT INTO ALUMNOS14 VALUES('JUAN',3,8);
INSERT INTO ALUMNOS14 VALUES('JUAN',4,9);

INSERT INTO ALUMNOS14 VALUES('PEPE',3,5);
INSERT INTO ALUMNOS14 VALUES('PEPE',4,6);
INSERT INTO ALUMNOS14 VALUES('PEPE',6,9);
INSERT INTO ALUMNOS14 VALUES('PEPE',2,7);

INSERT INTO ALUMNOS14 VALUES('ANA',1,8);
INSERT INTO ALUMNOS14 VALUES('ANA',2,9);
INSERT INTO ALUMNOS14 VALUES('ANA',5,8);
INSERT INTO ALUMNOS14 VALUES('ANA',6,7);

INSERT INTO ALUMNOS14 VALUES('PEPA',3,4);
INSERT INTO ALUMNOS14 VALUES('PEPA',6,8);
INSERT INTO ALUMNOS14 VALUES('PEPA',7,9);

Commit;

REM **************************************
REM ******** TABLA DEPART: ***********

DROP TABLE DEPART cascade constraints;

CREATE TABLE DEPART (
 DEPT_NO  NUMBER(2) PRIMARY KEY,
 DNOMBRE  VARCHAR2(14),
 LOC      VARCHAR2(14) ) ;

INSERT INTO DEPART VALUES (10,'CONTABILIDAD','SEVILLA');
INSERT INTO DEPART VALUES (20,'INVESTIGACION','MADRID');
INSERT INTO DEPART VALUES (30,'VENTAS','BARCELONA');
INSERT INTO DEPART VALUES (40,'PRODUCCION','BILBAO');
COMMIT;


REM ******** TABLA EMPLE: *************

ALTER SESSION SET NLS_DATE_FORMAT='DD/MM/YYYY';

DROP TABLE EMPLE cascade constraints;

CREATE TABLE EMPLE (
 EMP_NO    NUMBER(4) PRIMARY KEY,
 APELLIDO  VARCHAR2(10)  ,
 OFICIO    VARCHAR2(10)  ,
 DIR       NUMBER(4) ,
 FECHA_ALT DATE      ,
 SALARIO   NUMBER(7),
 COMISION  NUMBER(7),
 DEPT_NO   NUMBER(2) NOT NULL REFERENCES DEPART) ;

INSERT INTO EMPLE VALUES (7369,'SANCHEZ','EMPLEADO',7902,'17/12/1990',
                        1040,NULL,20);
INSERT INTO EMPLE VALUES (7499,'ARROYO','VENDEDOR',7698,'20/02/1990',
                        1500,390,30);
INSERT INTO EMPLE VALUES (7521,'SALA','VENDEDOR',7698,'22/02/1991',
                        1625,650,30);
INSERT INTO EMPLE VALUES (7566,'JIMENEZ','DIRECTOR',7839,'02/04/1991',
                        2900,NULL,20);
INSERT INTO EMPLE VALUES (7654,'MARTIN','VENDEDOR',7698,'29/09/1991',
                        1600,1020,30);
INSERT INTO EMPLE VALUES (7698,'NEGRO','DIRECTOR',7839,'01/05/1991',
                        3005,NULL,30);
INSERT INTO EMPLE VALUES (7782,'CEREZO','DIRECTOR',7839,'09/06/1991',
                        2885,NULL,10);
INSERT INTO EMPLE VALUES (7788,'GIL','ANALISTA',7566,'09/11/1991',
                        3000,NULL,20);
INSERT INTO EMPLE VALUES (7839,'REY','PRESIDENTE',NULL,'17/11/1991',
                        4100,NULL,10);
INSERT INTO EMPLE VALUES (7844,'TOVAR','VENDEDOR',7698,'08/09/1991',
                        1350,0,30);
INSERT INTO EMPLE VALUES (7876,'ALONSO','EMPLEADO',7788,'23/09/1991',
                        1430,NULL,20);
INSERT INTO EMPLE VALUES (7900,'JIMENO','EMPLEADO',7698,'03/12/1991',
                        1335,NULL,30);
INSERT INTO EMPLE VALUES (7902,'FERNANDEZ','ANALISTA',7566,'03/12/1991',
                        3000,NULL,20);
INSERT INTO EMPLE VALUES (7934,'MUÑOZ','EMPLEADO',7782,'23/01/1992',
                        1690,NULL,10);

COMMIT;

DROP TABLE MOVIMCU_05;
DROP TABLE CUENTAS_05;

Create TABLE   CUENTAS_05(
  NUM_CTA     NUMBER(5) ,
  NOMBRE_CTA  VARCHAR2(25),
  DIREC_CTA   VARCHAR2(25),
  SALDO_DEBE  NUMBER(10),
  SALDO_HABER NUMBER(10),
  CONSTRAINT PK_CU05 PRIMARY KEY (NUM_CTA)
);

CREATE TABLE  MOVIMCU_05(
   NUM_CTA     NUMBER(5),
   FECHA_MOV   DATE,
   TIPO_MOV    CHAR(1),
   IMPORTE     NUMBER(10),
   CONSTRAINT FK_CU05 FOREIGN KEY (NUM_CTA) REFERENCES CUENTAS_05
);

REM CUENTAS_05  ****************************

INSERT INTO CUENTAS_05 VALUES(12345,'JUAN','TOLEDO', 0,0);
INSERT INTO CUENTAS_05 VALUES(12346,'PEDRO','TOLEDO', 0,0);
INSERT INTO CUENTAS_05 VALUES(12347, 'ANA','GUADALAJARA',0,0);
INSERT INTO CUENTAS_05 VALUES(23458, 'MANUEL','GUADALAJARA',0,0);
INSERT INTO CUENTAS_05 VALUES(23456, 'ANDRES','ALCALA',0,0);
INSERT INTO CUENTAS_05 VALUES(33334, 'ISABEL','MADRID', 0,0);
INSERT INTO CUENTAS_05 VALUES(33344, 'MARIA','MADRID', 0,0);


REM MOVIMCU_05  ****************************

INSERT INTO MOVIMCU_05 VALUES(33334, SYSDATE,'I', 1000);
INSERT INTO MOVIMCU_05 VALUES(33334, SYSDATE-1,'I', 2000);
INSERT INTO MOVIMCU_05 VALUES(33334, SYSDATE-2,'R', 100);
INSERT INTO MOVIMCU_05 VALUES(33334, SYSDATE,'R', 5000);

INSERT INTO MOVIMCU_05 VALUES(33344, SYSDATE,'R',200);
INSERT INTO MOVIMCU_05 VALUES(33344, SYSDATE-2,'I',200);

INSERT INTO MOVIMCU_05 VALUES(12345,SYSDATE -7, 'I',100);
INSERT INTO MOVIMCU_05 VALUES(12345,SYSDATE -5, 'R',200);
INSERT INTO MOVIMCU_05 VALUES(12345,SYSDATE -4, 'I',300);

INSERT INTO MOVIMCU_05 VALUES(12346,SYSDATE,'I',200);

INSERT INTO MOVIMCU_05 VALUES(12347,SYSDATE, 'R',198);

Commit;



REM CALCULO DE SALDOS ***************

UPDATE  CUENTAS_05 C SET SALDO_DEBE  = (SELECT NVL (SUM(IMPORTE),0) FROM MOVIMCU_05
WHERE TIPO_MOV='R' AND  C.NUM_CTA =NUM_CTA);

UPDATE  CUENTAS_05 C SET SALDO_HABER  = (SELECT NVL (SUM(IMPORTE),0) FROM MOVIMCU_05
WHERE TIPO_MOV='I'  AND C.NUM_CTA =NUM_CTA);

COMMIT;

REM ************ TABLAS UNIDAD 16
REM ************ TABLASUNI16.SQL
EM **************************************
REM ******** TABLA DEPART: ***********

DROP TABLE DEPART cascade constraints;

CREATE TABLE DEPART (
 DEPT_NO  NUMBER(2) PRIMARY KEY,
 DNOMBRE  VARCHAR2(14),
 LOC      VARCHAR2(14) ) ;

INSERT INTO DEPART VALUES (10,'CONTABILIDAD','SEVILLA');
INSERT INTO DEPART VALUES (20,'INVESTIGACION','MADRID');
INSERT INTO DEPART VALUES (30,'VENTAS','BARCELONA');
INSERT INTO DEPART VALUES (40,'PRODUCCION','BILBAO');
COMMIT;


REM ******** TABLA EMPLE: *************

ALTER SESSION SET NLS_DATE_FORMAT='DD/MM/YYYY';

DROP TABLE EMPLE cascade constraints;

CREATE TABLE EMPLE (
 EMP_NO    NUMBER(4) PRIMARY KEY,
 APELLIDO  VARCHAR2(10)  ,
 OFICIO    VARCHAR2(10)  ,
 DIR       NUMBER(4) ,
 FECHA_ALT DATE      ,
 SALARIO   NUMBER(7),
 COMISION  NUMBER(7),
 DEPT_NO   NUMBER(2) NOT NULL REFERENCES DEPART) ;

INSERT INTO EMPLE VALUES (7369,'SANCHEZ','EMPLEADO',7902,'17/12/1990',
                        1040,NULL,20);
INSERT INTO EMPLE VALUES (7499,'ARROYO','VENDEDOR',7698,'20/02/1990',
                        1500,390,30);
INSERT INTO EMPLE VALUES (7521,'SALA','VENDEDOR',7698,'22/02/1991',
                        1625,650,30);
INSERT INTO EMPLE VALUES (7566,'JIMENEZ','DIRECTOR',7839,'02/04/1991',
                        2900,NULL,20);
INSERT INTO EMPLE VALUES (7654,'MARTIN','VENDEDOR',7698,'29/09/1991',
                        1600,1020,30);
INSERT INTO EMPLE VALUES (7698,'NEGRO','DIRECTOR',7839,'01/05/1991',
                        3005,NULL,30);
INSERT INTO EMPLE VALUES (7782,'CEREZO','DIRECTOR',7839,'09/06/1991',
                        2885,NULL,10);
INSERT INTO EMPLE VALUES (7788,'GIL','ANALISTA',7566,'09/11/1991',
                        3000,NULL,20);
INSERT INTO EMPLE VALUES (7839,'REY','PRESIDENTE',NULL,'17/11/1991',
                        4100,NULL,10);
INSERT INTO EMPLE VALUES (7844,'TOVAR','VENDEDOR',7698,'08/09/1991',
                        1350,0,30);
INSERT INTO EMPLE VALUES (7876,'ALONSO','EMPLEADO',7788,'23/09/1991',
                        1430,NULL,20);
INSERT INTO EMPLE VALUES (7900,'JIMENO','EMPLEADO',7698,'03/12/1991',
                        1335,NULL,30);
INSERT INTO EMPLE VALUES (7902,'FERNANDEZ','ANALISTA',7566,'03/12/1991',
                        3000,NULL,20);
INSERT INTO EMPLE VALUES (7934,'MUÑOZ','EMPLEADO',7782,'23/01/1992',
                        1690,NULL,10);

COMMIT;

REM ************ TABLA PERSONAL, PROFESORES, CENTROS ***********

DROP TABLE PERSONAL cascade constraints;

CREATE TABLE PERSONAL (
 COD_CENTRO   NUMBER(4) NOT NULL,
 DNI NUMBER(10),
 APELLIDOS VARCHAR2(30),
 FUNCION VARCHAR2(15),
 SALARIO NUMBER (10)
);

INSERT INTO PERSONAL VALUES (10,1112345,'Martínez Salas, Fernando',
'PROFESOR', 220000);
INSERT INTO PERSONAL VALUES (10,4123005,'Bueno Zarco, Elisa',
'PROFESOR', 220000);
INSERT INTO PERSONAL VALUES (10,4122025,'Montes García, M.Pilar',
'PROFESOR', 220000);

INSERT INTO PERSONAL VALUES (15,1112345,'Rivera Silvestre, Ana',
'PROFESOR', 205000);
INSERT INTO PERSONAL VALUES (15,9800990, 'Ramos Ruiz, Luis',
'PROFESOR', 205000);
INSERT INTO PERSONAL VALUES (15,8660990, 'De Lucas Fdez, M.Angel',
'PROFESOR', 205000);

INSERT INTO PERSONAL VALUES (22,7650000, 'Ruiz Lafuente, Manuel',
'PROFESOR', 220000);
INSERT INTO PERSONAL VALUES (45,43526789, 'Serrano Laguía, María',
'PROFESOR', 205000);


INSERT INTO PERSONAL VALUES (10,4480099,'Ruano Cerezo, Manuel',
'ADMINISTRATIVO', 180000);
INSERT INTO PERSONAL VALUES (15,1002345,'Albarrán Serrano, Alicia',
'ADMINISTRATIVO', 180000);
INSERT INTO PERSONAL VALUES (15,7002660,'Muñoz Rey, Felicia',
'ADMINISTRATIVO', 180000);
INSERT INTO PERSONAL VALUES (22,5502678,'Marín Marín, Pedro',
'ADMINISTRATIVO', 180000);
INSERT INTO PERSONAL VALUES (22,6600980, 'Peinado Gil, Elena',
'CONSERJE', 175000);
INSERT INTO PERSONAL VALUES (45,4163222, 'Sarro Molina, Carmen',
'CONSERJE', 175000);


DROP TABLE PROFESORES cascade constraints;

CREATE TABLE PROFESORES (
 COD_CENTRO   NUMBER(4) NOT NULL,
 DNI          NUMBER(10),
 APELLIDOS VARCHAR2(30),
 ESPECIALIDAD VARCHAR2(16)
) ;


INSERT INTO PROFESORES VALUES (10,1112345,'Martínez Salas, Fernando',
'INFORMÁTICA');
INSERT INTO PROFESORES VALUES (10,4123005,'Bueno Zarco, Elisa',
'MATEMÁTICAS');
INSERT INTO PROFESORES VALUES (10,4122025,'Montes García, M.Pilar',
'MATEMÁTICAS');

INSERT INTO PROFESORES VALUES (15,9800990, 'Ramos Ruiz, Luis',
	'LENGUA');
INSERT INTO PROFESORES VALUES (15,1112345,'Rivera Silvestre, Ana',
	'DIBUJO');
INSERT INTO PROFESORES VALUES (15,8660990, 'De Lucas Fdez, M.Angel',
'LENGUA');

INSERT INTO PROFESORES VALUES (22,7650000, 'Ruiz Lafuente, Manuel',
'MATEMÁTICAS');
INSERT INTO PROFESORES VALUES (45,43526789, 'Serrano Laguía, María',
'INFORMÁTICA');

DROP TABLE CENTROS cascade constraints;

CREATE TABLE CENTROS (
 COD_CENTRO   NUMBER(4) NOT NULL,
 TIPO_CENTRO  CHAR(1),
 NOMBRE VARCHAR2(30),
 DIRECCION VARCHAR2(26),
 TELEFONO VARCHAR2(10),
 NUM_PLAZAS NUMBER(4)
 ) ;


INSERT INTO CENTROS VALUES (10,'S','IES El Quijote',
'Avda. Los Molinos 25', '965-887654',538);
INSERT INTO CENTROS VALUES (15,'P','CP Los Danzantes', 'C/Las Musas s/n',
'985-112322',250);
INSERT INTO CENTROS VALUES (22,'S', 'IES Planeta Tierra', 'C/Mina 45',
'925-443400',300);
INSERT INTO CENTROS VALUES (45,'P', 'CP Manuel Hidalgo', 'C/Granada 5',
'926-202310',220);
INSERT INTO CENTROS VALUES (50,'S', 'IES Antoñete', 'C/Los Toreros 21',
'989-406090',310);

commit;
